place_name,latitude,longitude,address,phone_number,review_count,ratings
Shirin's Home-made Food,23.7616648,90.4234192,"Shirin's Home-made Food, 237/3 Jaker Rd, Dhaka 1219",01631-042318,2,5.0
Ruma's Kitchen Home Made,23.8036582,90.4298629,"Ruma's Kitchen Home Made, House No-3, Muktijodhdha Siraj Road, Sarkar Bari, Dhaka 1212",01708-415717,4,4.8
Ruma's Kitchen Home Made,23.7778654,90.4162872,"Ruma's Kitchen Home Made, House No-3, Muktijodhdha Siraj Road, Sarkar Bari, Dhaka 1212",01708-415717,4,4.8
Ruma's Kitchen Home Made,23.7461228,90.4111998,"Ruma's Kitchen Home Made, House No-3, Muktijodhdha Siraj Road, Sarkar Bari, Dhaka 1212",01708-415717,4,4.8
Ruma's Kitchen Home Made,23.7636321,90.4183174,"Ruma's Kitchen Home Made, House No-3, Muktijodhdha Siraj Road, Sarkar Bari, Dhaka 1212",01708-415717,4,4.8
M.RIO HOME MADE KITCHEN SPICE,23.7609892,90.4306915,"M.RIO HOME MADE KITCHEN SPICE, House no 8 Road no, 137 Gulshan 1, Dhaka 1212",01678-615958,1,5.0
M.RIO HOME MADE KITCHEN SPICE,23.780509,90.4004666,"M.RIO HOME MADE KITCHEN SPICE, House no 8 Road no, 137 Gulshan 1, Dhaka 1212",01678-615958,1,5.0
KNACK,23.7804304,90.4022018,"KNACK, Dhaka 1212",01303-960229,15,4.2
Home Delivery BD.com,23.7630599,90.4298996,"Home Delivery BD.com, 485, Dhaka",01311-903450,1,5.0
Cookants,23.7804494,90.4232353,"Cookants, 1st Floor, Homesteed Gulshan Link Tower, 1212 Gulshan Badda Link Rd, Dhaka 1216",01777-709890,16,4.5
Cookants,23.7634728,90.3565926,"Cookants, 1st Floor, Homesteed Gulshan Link Tower, 1212 Gulshan Badda Link Rd, Dhaka 1216",01777-709890,16,4.5
Nopur Home Kitchen,23.7948444,90.4264436,"Nopur Home Kitchen, End of Sundorbon currier service, House 32, 3rd floor, Somotasarok, Nurerchala, Road, Vatara 1212",01595-532060,5,5.0
MEAL99,23.7838581,90.3998663,"MEAL99, Banani - Road# 2, House# 28, 1213",01826-392908,8,3.3
MEAL99,23.795867,90.4150407,"MEAL99, Banani - Road# 2, House# 28, 1213",01826-392908,8,3.3
Tiffinbox,23.7918771,90.4031899,"QCR3+Q74 Tiffinbox, Rd No 13A, Dhaka 1212",01708-132132,39,3.8
Dhaka Lunch,23.7792208,90.4183724,"Dhaka Lunch, House 10 Rd 135, Dhaka 1212",01744-602388,30,4.7
Ideal Homemade Food Products,23.7535622,90.4397099,"QCW8+24C Ideal Homemade Food Products, Unnamed Road, Dhaka 1212",01744-602388,2,2.0
Homemade Food By Tisha,23.7789635,90.4067909,"Homemade Food By Tisha, Cha-62/2, Wireless Gate, Mohakhali, Dhaka Banani, 1213",01947-673712,2,5.0
Meherin's Kitchen,23.7926146,90.4084484,"House# 78, Meherin's Kitchen, Rd 12, Dhaka 1213",01715-025585,7,4.9
G.M.T Catering Services,23.8000348,90.4064056,"G.M.T Catering Services, 5/A Rd No 18, Dhaka 1213",01976-786468,42,5.0
Khana's Banani,23.7904551,90.408128,"Block-E, Khana's Banani, 2nd Floor, House-116 Rd No. 11, Dhaka 1212",01325-413742,584,4.2
Pizza & More - All the Goodness of Italian Food,23.7954894,90.4116289,"Pizza & More - All the Goodness of Italian Food, House No- 9/A (NW1) (Ground Floor) Road No-53, Dhaka 1212",01954-667711,251,4.3
"Madchef Banani, Dhaka.",23.7900096,90.4091706,"5th Floor, Plot 47, Madchef Banani, Dhaka., Block H Road No. 11, Dhaka 1213",01749-960363,Moderately expensive,
Pizza & More - All the Goodness of Italian Food,23.7954894,90.4116289,"Pizza & More - All the Goodness of Italian Food, House No- 9/A (NW1) (Ground Floor) Road No-53, Dhaka 1212",01954-667711,251,4.3
Pizza & More - All the Goodness of Italian Food,23.7705152,90.3963427,"Pizza & More - All the Goodness of Italian Food, House No- 9/A (NW1) (Ground Floor) Road No-53, Dhaka 1212",01954-667711,251,4.3
KNACK,23.7804304,90.4022018,"KNACK, Dhaka 1212",01303-960229,15,4.2
KNACK,23.7912193,90.4361024,"KNACK, Dhaka 1212",01303-960229,15,4.2
Tiffinbox,23.7918771,90.4031899,"QCR3+Q74 Tiffinbox, Rd No 13A, Dhaka 1212",01708-132132,39,3.8
Cheez Banani,23.7927561,90.4081902,"2nd Floor, Cheez Banani, House 37 Rd 12, Dhaka 1213",01316-195220,Moderately expensive,
Food Buddy,23.7926505,90.4222578,"Food Buddy, lakeside, Kha 66/8, Shahjadpur, Dhaka 1212",01930-000300,21,4.9
Bachelor's Mohakhali,23.7773985,90.3963085,"Q9GW+XG3 Bachelor's Mohakhali, Arjotpara, VIP Road, Dhaka",01602-295322,10,4.7
PEYALA 11,23.7902239,90.4082798,"House 25, Ground Floor, PEYALA 11, Genetic Road No. 11, Dhaka 1213",01777-711615,137,4.4
Pizza2Go,23.7461352,90.4121646,"Pizza2Go, 222 Bir Uttam Mir Shawkat Sarak, Dhaka 1208",01313-890864,81,4.0
G.M.T Catering Services,23.8000348,90.4064056,"G.M.T Catering Services, 5/A Rd No 18, Dhaka 1213",01976-786468,42,5.0
SR Catering Services,23.7726948,90.4194001,"SR Catering Services, K, 2/7, Titash Road, Dhaka 1212",01913-397220,6,4.8
SR Catering Services,23.7744116,90.4148459,"SR Catering Services, K, 2/7, Titash Road, Dhaka 1212",01913-397220,6,4.8
MEAL99,23.8090261,90.4178658,"MEAL99, Banani - Road# 2, House# 28, 1213",01826-392908,8,3.3
Tajine- Nawabi Cuisine,23.7927782,90.4081935,"Tajine- Nawabi Cuisine, House-48, Block-E, Road-13/C, Dhaka 1213",01705-309515,Moderately expensive,
Tina's Flavour Factory,23.7921988,90.4225405,"Tina's Flavour Factory, Shatabdi Lake Nibash, G P Kha 1, 3 Marium Rd, Dhaka 1212",01776-191830,7,4.9
Food Bazar logistics,23.788062,90.4152929,"Food Bazar logistics, Rd 36, Gulshan-2 Home No 22 (Fifth floor) Rd No 36 Dhaka, 1212",01904-099855,3,5.0
Burritos 365 Banani,23.790952,90.4060263,"Burritos 365 Banani, House 68 Road 10 Block D, Dhaka 1213",01968-800060,1,5.0
Dilaab,23.7807485,90.4006388,"15th floor, Dilaab, Ambon Complex, 99 Mohakhali C/A, Dhaka 1212",01308-315430,4,5.0
Dilaab,23.8000479,90.3527027,"15th floor, Dilaab, Ambon Complex, 99 Mohakhali C/A, Dhaka 1212",01308-315430,4,5.0
Cricketer's Kitchen & Cafe,23.8237942,90.3645216,"Cricketer's Kitchen & Cafe, Road # 144 Gulshan Shooting, Club Road, Dhaka 1212",01756-755566,Moderately expensive,
Burger Box,23.829057,90.3635451,"No. 5, Burger Box, 30 DIT Rd, Dhaka",01309-365999,46,4.1
Khaas Food - Badda | Best Natural and Safe Grocery Store,23.7733472,90.426662,"Khaas Food - Badda | Best Natural and Safe Grocery Store, House#14 Rd No 11, Dhaka 1212",01730-715053,61,4.1
Khaas Food Banasree | Best Natural and Safe Grocery Store,23.7548534,90.3659951,"Khaas Food Banasree | Best Natural and Safe Grocery Store, House- 43, Road- 04, Block- E, Dhaka 1219",01730-715063,50,4.1
Pizza & More - All the Goodness of Italian Food,23.7954894,90.4116289,"Pizza & More - All the Goodness of Italian Food, House No- 9/A (NW1) (Ground Floor) Road No-53, Dhaka 1212",01954-667711,251,4.3
Ruma's Kitchen Home Made,23.8036582,90.4298629,"Ruma's Kitchen Home Made, House No-3, Muktijodhdha Siraj Road, Sarkar Bari, Dhaka 1212",01708-415717,4,4.8
Shirin's Home-made Food,23.7616648,90.4234192,"Shirin's Home-made Food, 237/3 Jaker Rd, Dhaka 1219",01631-042318,2,5.0
Mahfuza's Home Kitchen,23.7778654,90.4162872,"Mahfuza's Home Kitchen, 1761, alif nagar, Ananda Nagar Rd, Dhaka 1212",01631-042318,2,5.0
Cheez Banani,23.7927561,90.4081902,"2nd Floor, Cheez Banani, House 37 Rd 12, Dhaka 1213",01316-195220,Moderately expensive,
Pizza Inn Gulshan 1,23.7837674,90.417104,"Pizza Inn Gulshan 1, 76 Gulshan Ave, Dhaka 1212",01971-004559,Moderately expensive,
Pizza Inn Gulshan 1,23.7744116,90.4148459,"Pizza Inn Gulshan 1, 76 Gulshan Ave, Dhaka 1212",01971-004559,Moderately expensive,
Pizza Inn Gulshan 1,23.795867,90.4150407,"Pizza Inn Gulshan 1, 76 Gulshan Ave, Dhaka 1212",01971-004559,Moderately expensive,
Dhaka Lunch,23.7792208,90.4183724,"Dhaka Lunch, House 10 Rd 135, Dhaka 1212",01744-602388,30,4.7
Ruma's Kitchen Home Made,23.8036582,90.4298629,"Ruma's Kitchen Home Made, House No-3, Muktijodhdha Siraj Road, Sarkar Bari, Dhaka 1212",01708-415717,4,4.8
Meherin's Kitchen,23.7926146,90.4084484,"House# 78, Meherin's Kitchen, Rd 12, Dhaka 1213",01715-025585,7,4.9
Food Buddy,23.7926505,90.4222578,"Food Buddy, lakeside, Kha 66/8, Shahjadpur, Dhaka 1212",01930-000300,21,4.9
KNACK,23.7804304,90.4022018,"KNACK, Dhaka 1212",01303-960229,15,4.2
Cookants,23.7804494,90.4232353,"Cookants, 1st Floor, Homesteed Gulshan Link Tower, 1212 Gulshan Badda Link Rd, Dhaka 1216",01777-709890,16,4.5
Pizza Roma,23.7855357,90.4186996,"Pizza Roma, House 36 Rd 117, Dhaka 1212",01755-660039,Moderately expensive,
Kacchi Bhai - Banasree,23.7640843,90.430238,"1st Floor, House, Kacchi Bhai - Banasree, 8 Banasree Main Rd, Dhaka 1219",01322-909354,259,3.8
Kacchi Bhai - Banasree,23.795867,90.4150407,"1st Floor, House, Kacchi Bhai - Banasree, 8 Banasree Main Rd, Dhaka 1219",01322-909354,259,3.8
Bachelor's Mohakhali,23.7773985,90.3963085,"Q9GW+XG3 Bachelor's Mohakhali, Arjotpara, VIP Road, Dhaka",01602-295322,10,4.7
China101,23.7914181,90.4033817,"China101, House#101 Rd No 13A, Dhaka 1213",01891-976448,158,4.3
Shawarma House Banani,23.7901437,90.4080921,"Shawarma House Banani, House 25 Road 11 Block H Point 11 (3rd Floor",01798-257590,418,3.8
HOME DELIVERY DAILY,23.7602923,90.4217787,"HOME DELIVERY DAILY, Ka-22/3 Sohag Plaza, School Road, Dhaka 1212",01312-712616,1,5.0
Rapido Ltd. (Courier),23.7666955,90.4143146,"Rapido Ltd. (Courier), House 90, Block D, Road 4 Mohanogor Project, Hatirjheel Bridge, Dhaka",09613-410510,46,4.0
Sonar Courier Service Ltd.,23.7815425,90.4000746,"1st. Floor, Sonar Courier Service Ltd., 2 Bir Uttam AK Khandakar Road, Dhaka 1212",01711-521460,71,3.9
Sonar Courier Service Ltd.,23.7858238,90.416679,"1st. Floor, Sonar Courier Service Ltd., 2 Bir Uttam AK Khandakar Road, Dhaka 1212",01711-521460,71,3.9
Sonar Courier Service Ltd.,23.7637415,90.4260288,"1st. Floor, Sonar Courier Service Ltd., 2 Bir Uttam AK Khandakar Road, Dhaka 1212",01711-521460,71,3.9
Home Delivery BD.com,23.7630599,90.4298996,"Home Delivery BD.com, 485, Dhaka",01311-903450,1,5.0
G.M.T Catering Services,23.8000348,90.4064056,"G.M.T Catering Services, 5/A Rd No 18, Dhaka 1213",01976-786468,42,5.0
Bahon Express Ltd.,23.7923417,90.40458,"Bahon Express Ltd., House# 52 Rd No-15, Dhaka 1213",09613-232469,3,5.0
GogoBangla,23.79254,90.4242742,"Block - H, GogoBangla, House - 65 Rd No. 7A, Dhaka 1213",01623-123123,16,2.9
DCC Home Delivery,23.7797469,90.4161611,"DCC Home Delivery, Polt No-G.P.Ka-71/A, Dhaka 1212",01559-584584,3,5.0
Dhaka Lunch,23.7792208,90.4183724,"Dhaka Lunch, House 10 Rd 135, Dhaka 1212",01744-602388,30,4.7
koopon,23.7771692,90.4114185,"koopon, Niketan, House-90, Road-2, Block-A, Dhaka 1212",09638-336633,23,3.7
Rapido Ltd. (Courier),23.7666955,90.4143146,"Rapido Ltd. (Courier), House 90, Block D, Road 4 Mohanogor Project, Hatirjheel Bridge, Dhaka",09613-410510,46,4.0
Sonar Courier Service Ltd.,23.7815425,90.4000746,"1st. Floor, Sonar Courier Service Ltd., 2 Bir Uttam AK Khandakar Road, Dhaka 1212",01711-521460,71,3.9
GogoBangla,23.79254,90.4242742,"Block - H, GogoBangla, House - 65 Rd No. 7A, Dhaka 1213",01623-123123,16,2.9
Flingex Courier Service,23.7600627,90.4297643,"House: 2/A, Flingex Courier Service, Road : 2/1 Block : L, Dhaka 1212",01684-685443,300,3.4
Flingex Courier Service,23.793175,90.4071831,"House: 2/A, Flingex Courier Service, Road : 2/1 Block : L, Dhaka 1212",01684-685443,300,3.4
Sundarban Courier Services Banani,23.7914306,90.4077042,"Sundarban Courier Services Banani, 13 Rd No. 13E, Dhaka 1212",01936-003304,993,4.0
Sundarban Courier Services Banani,23.7858238,90.416679,"Sundarban Courier Services Banani, 13 Rd No. 13E, Dhaka 1212",01936-003304,993,4.0
Sundarban Courier Services Banani,23.7515959,90.42367,"Sundarban Courier Services Banani, 13 Rd No. 13E, Dhaka 1212",01936-003304,993,4.0
Homebound Packers & Shippers Ltd.,23.7637919,90.3959577,"Homebound Packers & Shippers Ltd., SW A 26, Gulshan Ave, Dhaka 1212",02222-294745,82,4.3
Sundarban Courier Service Pvt. Ltd. (Mohakhali New DOHS),23.7786291,90.3963339,"Sundarban Courier Service Pvt. Ltd. (Mohakhali New DOHS), Shop No. 65, Ground Floor, SKS Shopping Mall SKS Tower 7 VIP Road, Dhaka 1206",01313-889548,165,4.2
S A Paribahan Parcel Service (New Office),23.7740504,90.3992677,"S A Paribahan Parcel Service (New Office), Mohakhali Bus Terminal, Shaheed Tajuddin Ahmed Ave, Dhaka 1205",01766-688351,1584,4.0
Karatoa Courier Service | Badda Branch,23.7845451,90.4251561,"Karatoa Courier Service | Badda Branch, Bir Uttam Rafiqul Islam Ave, Dhaka 1212",01755-554726,118,3.8
"Sundarban Courier Service, Sahazadpur Branch",23.7949917,90.4279445,"QCVH+X5W Sundarban Courier Service, Sahazadpur Branch, Unnamed Road, Dhaka 1212",01915-678003,63,3.7
"Sundarban Courier Service, Rampura Branch",23.7488754,90.3864252,"Sundarban Courier Service, Rampura Branch, 15 DIT Rd, Dhaka",01683-368887,29,4.4
RedX MotherHub,23.767307,90.406553,"RedX MotherHub, Dhaka 1208",01829-032216,883,2.8
Bahon Express Ltd.,23.7923417,90.40458,"Bahon Express Ltd., House# 52 Rd No-15, Dhaka 1213",09613-232469,3,5.0
Paperfly Private Ltd.,23.7787086,90.3975433,"Paperfly Private Ltd., SKS Tower, Level 5, 7 VIP Road",09678-300900,462,3.1
Paperfly Private Ltd.,23.7217382,90.4170094,"Paperfly Private Ltd., SKS Tower, Level 5, 7 VIP Road",09678-300900,462,3.1
Paperfly Private Ltd.,23.7848771,90.3484036,"Paperfly Private Ltd., SKS Tower, Level 5, 7 VIP Road",09678-300900,462,3.1
Media Express Courier service,23.779823,90.4055001,"Media Express Courier service, GP Cha-14 Haque market Whirlesgate, 1213",01714-378066,1,5.0
HOME DELIVERY DAILY,23.7602923,90.4217787,"HOME DELIVERY DAILY, Ka-22/3 Sohag Plaza, School Road, Dhaka 1212",01312-712616,1,5.0
US Bangla express limited,23.7826238,90.4142997,"US Bangla express limited, House, 20A Rd 26, Dhaka 1212",01701-207968,19,3.7
Rapido Ltd. (Courier),23.7666955,90.4143146,"Rapido Ltd. (Courier), House 90, Block D, Road 4 Mohanogor Project, Hatirjheel Bridge, Dhaka",09613-410510,46,4.0
S A Paribahan Parcel Service (New Office),23.7740504,90.3992677,"S A Paribahan Parcel Service (New Office), Mohakhali Bus Terminal, Shaheed Tajuddin Ahmed Ave, Dhaka 1205",01766-688351,1584,4.0
S A Paribahan Parcel Service (New Office),23.7384262,90.3949606,"S A Paribahan Parcel Service (New Office), Mohakhali Bus Terminal, Shaheed Tajuddin Ahmed Ave, Dhaka 1205",01766-688351,1584,4.0
Sundarban Courier Services Banani,23.7914306,90.4077042,"Sundarban Courier Services Banani, 13 Rd No. 13E, Dhaka 1212",01936-003304,993,4.0
Sundarban Courier Services Banani,23.8571127,90.4009153,"Sundarban Courier Services Banani, 13 Rd No. 13E, Dhaka 1212",01936-003304,993,4.0
eCobiz-Best Multi Vendor eCommerce Market Place In Bangladesh,23.7728922,90.40783,"Block-G, eCobiz-Best Multi Vendor eCommerce Market Place In Bangladesh, House-53, Niketon Road No. 8, Dhaka 1212",01885-532382,3,5.0
eCobiz-Best Multi Vendor eCommerce Market Place In Bangladesh,23.7937867,90.4037827,"Block-G, eCobiz-Best Multi Vendor eCommerce Market Place In Bangladesh, House-53, Niketon Road No. 8, Dhaka 1212",01885-532382,3,5.0
Gift Express BD - Send Gift to Bangladesh from anywhere (GiftExpressBD.com),23.7473807,90.411343,"Gift Express BD - Send Gift to Bangladesh from anywhere (GiftExpressBD.com), 1st floor House, 1/A, 1212 Rd 23, Dhaka 1212",01885-532382,3,5.0
Tonnir,23.7615789,90.4359223,"Tonnir, House 43, Road 03, Block E, Dhaka 1219",01703-548685,1,5.0
BMS Express Branded Online Shop In Bangladesh,23.7729557,90.4137026,"BMS Express Branded Online Shop In Bangladesh, c, House # 28 (3rd, Rd 07, Dhaka 1212",01627-355382,2,5.0
Yaqeen Bangladesh,23.7901206,90.4083999,"Yaqeen Bangladesh, Level-3, House-37, Road-11, Block-H, Dhaka 1213",09638-258799,2,5.0
NODIRMACH,23.7769735,90.42112,"NODIRMACH, House: TA-203, South Badda 5th Floor, Rubi Amena Lake View Apartment Dhaka, 1212",01706-445888,3,3.3
Deshi Greetings,23.7973425,90.4257902,"Deshi Greetings, House #14/A (5th floor), Road No #1/A, Block #J, Dhaka 1212",01714-091656,5,4.2
Deshi Greetings,23.7568188,90.4425538,"Deshi Greetings, House #14/A (5th floor), Road No #1/A, Block #J, Dhaka 1212",01714-091656,5,4.2
Home Delivery BD.com,23.7630599,90.4298996,"Home Delivery BD.com, 485, Dhaka",01311-903450,1,5.0
Jogaan,23.7899855,90.4036334,"Jogaan, Road 08, Block F, Dhaka 1213",09614-777888,26,4.4
Dhaka.shop.food,23.7799233,90.4164209,"Dhaka.shop.food, Gulshan shopping center Dhaka city, 1212",01568-711171,1,5.0
Safe Food,23.7610409,90.4358983,"House No:-33, Safe Food, Rd Number 5, Dhaka 1219",01730-593754,18,4.8
Afra Mart,23.7893178,90.4038602,"Afra Mart, House-7 Rd No. 7, Dhaka 1212",01841-232187,3,5.0
Khaas Food - Badda | Best Natural and Safe Grocery Store,23.7733472,90.426662,"Khaas Food - Badda | Best Natural and Safe Grocery Store, House#14 Rd No 11, Dhaka 1212",01730-715053,61,4.1
Dukanbd,23.7988604,90.4337601,"Dukanbd, 2502 Madani Ave, Dhaka 1212",01313-530220,15,5.0
Akpoysha,23.7796474,90.429157,"Akpoysha, 628, Jalil Mahmud Sharani, Adarsha Nagar Middle Badda, Badda, Dhaka-1212, Dhaka 1212",01905-492040,1,4.0
Khaas Food Gulshan | Best Natural and Safe Grocery Store,23.7915026,90.4225271,"Khaas Food Gulshan | Best Natural and Safe Grocery Store, Tower, 4 C Gazi Ln, Dhaka 1212",01730-715059,357,4.2
Neptune Bazaar,23.7941821,90.4015341,"Neptune Bazaar, 79 Rd Number 4, Dhaka 1212",01701-225360,7,4.7
Unimart Gulshan 2,23.7960944,90.4149315,"House No. 23, Unimart Gulshan 2, Gulshan Centre Point, 26 Rd 90, Dhaka 1212",01955-550000,11038,4.5
Daily Shopping Middle Badda,23.7776372,90.4251228,"Kha- 167, Daily Shopping Middle Badda, 1 Alatunnesa School Rd, Dhaka 1212",01704-140903,21,4.0
LavenderMart,23.7898354,90.4080751,"Block-H House, LavenderMart, 27 Rd 12, Dhaka 1213",01718-829192,10,4.5
M/S Zia General Store,23.7796401,90.4159097,"M/S Zia General Store, Road No 11, Dhaka 1212",01822-666688,25,3.7
Lulu Mart,23.757758,90.4271126,"Lulu Mart, Plot #143, Avenue Road #3, Block #D, Dhaka 1219",01729-892300,3,4.7
Lavender Convenience Store Ltd.,23.7931109,90.4247892,"Lavender Convenience Store Ltd., 30/2, 30/3 Shahjadpur, Pragati Sarani Dhaka Dhaka, 1212",01730-728993,766,4.2
"Daily Shopping - E Block, Banasree",23.7630355,90.4267582,"Block E, Daily Shopping - E Block, Banasree, H- 43, Rd No- 02, Block E, 47 Rd No:-2, Dhaka 1212",01704-140897,157,4.0
"Daily Shopping - E Block, Banasree",23.8237068,90.3881683,"Block E, Daily Shopping - E Block, Banasree, H- 43, Rd No- 02, Block E, 47 Rd No:-2, Dhaka 1212",01704-140897,157,4.0
"Daily Shopping - Gulshan, Gudaraghat 1",23.7768879,90.4265785,"Daily Shopping - Gulshan, Gudaraghat 1, House-12, Road-6 Gudaraghat-1, Dhaka 1212",01704-140915,432,4.0
Dhali Super Shop Ltd.,23.7936305,90.4155891,"Dhali Super Shop Ltd., G-6,7 DNCC Market, Rd 98, Dhaka 1212",02-8881100,747,4.2
Dhali Super Shop Ltd.,23.7936305,90.4155891,"Dhali Super Shop Ltd., G-6,7 DNCC Market, Rd 98, Dhaka 1212",02-8881100,747,4.2
Jogaan,23.7899855,90.4036334,"Jogaan, Road 08, Block F, Dhaka 1213",09614-777888,26,4.4
Safe Food,23.7610409,90.4358983,"House No:-33, Safe Food, Rd Number 5, Dhaka 1219",01730-593754,18,4.8
Unimart Gulshan 2,23.7960944,90.4149315,"House No. 23, Unimart Gulshan 2, Gulshan Centre Point, 26 Rd 90, Dhaka 1212",01955-550000,11038,4.5
Akpoysha,23.7796474,90.429157,"Akpoysha, 628, Jalil Mahmud Sharani, Adarsha Nagar Middle Badda, Badda, Dhaka-1212, Dhaka 1212",01905-492040,1,4.0
LavenderMart,23.7898354,90.4080751,"Block-H House, LavenderMart, 27 Rd 12, Dhaka 1213",01718-829192,10,4.5
Home Delivery BD.com,23.7630599,90.4298996,"Home Delivery BD.com, 485, Dhaka",01311-903450,1,5.0
Safe Food,23.7610409,90.4358983,"House No:-33, Safe Food, Rd Number 5, Dhaka 1219",01730-593754,18,4.8
"Daily Shopping - E Block, Banasree",23.7590572,90.4440882,"Block E, Daily Shopping - E Block, Banasree, H- 43, Rd No- 02, Block E, 47 Rd No:-2, Dhaka 1212",01704-140897,157,4.0
"Daily Shopping - B Block, Aftabnagar",23.7667113,90.4282296,"Daily Shopping - B Block, Aftabnagar, House 8, Block B, Main Road, 1 Jahurul Islam Ave, Dhaka",01704-152094,5,4.8
Jogaan,23.7899855,90.4036334,"Jogaan, Road 08, Block F, Dhaka 1213",09614-777888,26,4.4
"Daily Shopping - E Block, Banasree",23.7630355,90.4267582,"Block E, Daily Shopping - E Block, Banasree, H- 43, Rd No- 02, Block E, 47 Rd No:-2, Dhaka 1212",01704-140897,157,4.0
Khaas Food - Badda | Best Natural and Safe Grocery Store,23.7733472,90.426662,"Khaas Food - Badda | Best Natural and Safe Grocery Store, House#14 Rd No 11, Dhaka 1212",01730-715053,61,4.1
Green Grocery,23.7704771,90.4271773,"Green Grocery, road 1 house 5, west Neemtoli Rd, Dhaka 1212",01842-193166,11,4.5
Daily Shopping Middle Badda,23.7776372,90.4251228,"Kha- 167, Daily Shopping Middle Badda, 1 Alatunnesa School Rd, Dhaka 1212",01704-140903,21,4.0
LavenderMart,23.7898354,90.4080751,"Block-H House, LavenderMart, 27 Rd 12, Dhaka 1213",01718-829192,10,4.5
My Super Shop,23.7595845,90.4350091,"My Super Shop, Gulshan Shopping Center, 228, 4th Floor, Dhaka 1212",01718-829192,10,4.5
Organic Ghor,23.7603042,90.4298703,"Organic Ghor, House: 09, Road: 08, Block: D, Banasree, Rampura 1219 Dhaka, 1212",01409-500600,8,5.0
Daily Shopping - Badda Gudaraghat,23.7812492,90.4214561,"Daily Shopping - Badda Gudaraghat, House - 12, Road - 04, Gudaraghat, Dhaka 1212",01704-140898,5,4.2
MedEasy HQ,23.7586805,90.4289018,"Level: 3, Road: 14, Block: C 180/6, MedEasy HQ, Abdullah Park, 23/C Banasree Main Rd, Dhaka 1219",01844-671112,30,5.0
DeshiMed Online Pharmacy Bangladesh,23.7777623,90.4152695,"DeshiMed Online Pharmacy Bangladesh, House 14/C, Road-2, Banani, Dhaka 3, 1212",01979-944567,7,5.0
"Raju pharmacy, Home",23.800771,90.42538,"Raju pharmacy, Home, Plot No. 736, Hazi Sona Miya Masjid Road, Nayanagar, Block-J, Road No. 20, Dhaka 1212",01716-343822,1,5.0
Wellness Pharmacy,23.7958652,90.4080819,"Wellness Pharmacy, House 8 Road, 27 Rd 22, Block#K, Dhaka 1212",01319-435343,4,5.0
Smiley Life Pharmacy,23.7728824,90.4278961,"Smiley Life Pharmacy, House no# 34,Road no# 12 ,DIT project, Dhaka 1212",01406-026852,2,5.0
Prescription Aid Pharmacy,23.7907333,90.4041308,"Prescription Aid Pharmacy, Chandiwala Mansion, House 32 Road No. 11, Dhaka 1212",01920-778815,39,4.2
Prescription Aid Pharmacy,23.8122614,90.4303695,"Prescription Aid Pharmacy, Chandiwala Mansion, House 32 Road No. 11, Dhaka 1212",01920-778815,39,4.2
Praava Health Model Pharmacy,23.7933598,90.4023825,"Praava Health Model Pharmacy, Plot 9 Rd No 17, Dhaka 1212",01847-278019,18,4.6
Praava Health Model Pharmacy,23.790483,90.4074708,"Praava Health Model Pharmacy, Plot 9 Rd No 17, Dhaka 1212",01847-278019,18,4.6
MedEasy HQ,23.7586805,90.4289018,"Level: 3, Road: 14, Block: C 180/6, MedEasy HQ, Abdullah Park, 23/C Banasree Main Rd, Dhaka 1219",01844-671112,30,5.0
Online Medicine Shop,23.7777623,90.4152695,"House # 30, Online Medicine Shop, 1 Rd. 3, Dhaka 1219",01872-663266,14,3.7
Smiley Life Pharmacy,23.7728824,90.4278961,"Smiley Life Pharmacy, House no# 34,Road no# 12 ,DIT project, Dhaka 1212",01406-026852,2,5.0
Happy Life Homeo Pharmacy,23.8050896,90.4260691,"Happy Life Homeo Pharmacy, Dhaka 1212",01705-067173,6,5.0
Tamanna Pharmacy - Gulshan - 1,23.8122614,90.4303695,"Tamanna Pharmacy - Gulshan - 1, Gulshan Ave, Dhaka 1212",01818-429178,137,4.2
Ethan Medicine Corner,23.7972919,90.4312174,"Ethan Medicine Corner, House# 30/A, Road# 03, Block#A, Baridhara, 1212",01718-252824,3,4.7
Ousodh.com,23.7815788,90.4050579,"Ousodh.com, Gp Ja-171, Wireless Gate, Dhaka 1213",01611-006100,34,4.9
Ousodh.com,23.7805151,90.4216107,"Ousodh.com, Gp Ja-171, Wireless Gate, Dhaka 1213",01611-006100,34,4.9
Ousodh.com,23.7696221,90.3589242,"Ousodh.com, Gp Ja-171, Wireless Gate, Dhaka 1213",01611-006100,34,4.9
Bismillah Pharmacy,23.7380517,90.4352045,"Bismillah Pharmacy, 40 S Badda Rd, Dhaka 1212",01729-380854,1,5.0
Tamanna Pharmacy - Gulshan - 1,23.7808375,90.4167288,"Tamanna Pharmacy - Gulshan - 1, Gulshan Ave, Dhaka 1212",01818-429178,137,4.2
DeshiMed Online Pharmacy Bangladesh,23.7777623,90.4152695,"DeshiMed Online Pharmacy Bangladesh, House 14/C, Road-2, Banani, Dhaka 3, 1212",01979-944567,7,5.0
Praava Health Model Pharmacy,23.7933598,90.4023825,"Praava Health Model Pharmacy, Plot 9 Rd No 17, Dhaka 1212",01847-278019,18,4.6
OsudPotro.com Ltd.,23.7807485,90.4006388,"15th floor, OsudPotro.com Ltd., Ambon Complex, 99 Bir Uttam AK Khandakar Rd, Dhaka 1212",09610-001122,58,4.7
Xpress Pharma,23.8068799,90.4173762,"House 13/A, Xpress Pharma, Road No. 12, Dhaka 1212",09614-977377,1,3.0
Ousodh.com,23.7815788,90.4050579,"Ousodh.com, Gp Ja-171, Wireless Gate, Dhaka 1213",01611-006100,34,4.9
Pharmacy Plus,23.7900392,90.4110523,"Pharmacy Plus, House No 76/B, Ground Floor, Rd No. 11, Dhaka 1212",01951-519466,22,4.1
Smiley Life Pharmacy,23.7728824,90.4278961,"Smiley Life Pharmacy, House no# 34,Road no# 12 ,DIT project, Dhaka 1212",01406-026852,2,5.0
Top one Pharmacy,23.7736102,90.4259279,"QCFG+C9V Top one Pharmacy, Dhaka 1212",01893-082211,10,4.4
APONALOY PHARMACY,23.7805258,90.429538,"APONALOY PHARMACY, House 18, Road Number 4, Adarsha Nagar, Dhaka 1212",01821-102931,2,5.0
Pharmacy Plus,23.7581678,90.415799,"QC58+787 Pharmacy Plus, Dhaka 1219",01552-320121,3,3.7
YHS Your Home Solution,23.7624274,90.4371195,"YHS Your Home Solution, Plot 4, Block F, main road, Dhaka 1219",01991-390368,3,5.0
Mamnoon Online Shop,23.7598239,90.4188003,"Mamnoon Online Shop, 15 DIT Road, Shop No: FF-09 Green Tower Shopping Center (1st Floor Rampura Bazaar Dhaka, 1219",01715-553566,3,5.0
M.K. Electronics | Gulshan 2 Showroom,23.7951908,90.4147073,"M.K. Electronics | Gulshan 2 Showroom, Hamid Tower, 24 Gulshan C/A, Dhaka 1212",09613-333111,196,4.0
Newton Electronics Badda,23.7807819,90.4254836,"95, Newton Electronics Badda, 5 Bir Uttam Rafiqul Islam Ave, Dhaka 1212",01844-004583,2,5.0
Habib Electronics | Electronics Store in Gulshan,23.7952339,90.4150045,"Shop no-22, Habib Electronics | Electronics Store in Gulshan, Alam Arcade 43, 1212 Madani Ave, Dhaka 1212",01998-335108,4,4.5
M.K. Electronics | Badda Showroom,23.7805381,90.4235791,"M.K. Electronics | Badda Showroom, Ta- 99 Homestead Gulshan Link Tower, Gulshan Badda Link Rd, Dhaka 1212",09613-333111,56,4.0
M.K. Electronics | Badda Showroom,23.776829,90.4290883,"M.K. Electronics | Badda Showroom, Ta- 99 Homestead Gulshan Link Tower, Gulshan Badda Link Rd, Dhaka 1212",09613-333111,56,4.0
Ridoy Electronics Plus,23.7871463,90.4305468,"233, Ridoy Electronics Plus, Uttar Badda, Satarakul Road, Dhaka 1212",01920-824300,2,5.0
Ridoy Electronics Plus,23.7664083,90.4150898,"233, Ridoy Electronics Plus, Uttar Badda, Satarakul Road, Dhaka 1212",01920-824300,2,5.0
Master Electronics,23.7959347,90.4295483,"Shop No: 9, Master Electronics, Modina Tower, Rampura, Dhaka 1219",01920-824300,2,5.0
Sayed Electric & Electronics,23.7729759,90.4056965,"111/8/2, Sayed Electric & Electronics, Mohakhali Dokkhin Para, Niketan Bazar, Gulshan, Dhaka 1212",01727-675575,1,5.0
AUTHENTIC ELECTRONICS,23.7536819,90.4152057,"AUTHENTIC ELECTRONICS, 67/B Malibagh Chowdhury Para Rd, Dhaka 1219",01914-242733,35,4.8
Sky Enterprise (Uber Retailer Point-Gulshan),23.7799233,90.4164209,"Sky Enterprise (Uber Retailer Point-Gulshan), Gulshan Shopping Center, B-75 (INSIDE, Dhaka 1212",01701-014908,6,5.0
Wellwish Electronics,23.7621475,90.4333451,"Wellwish Electronics, House-19, Road-2, D& E avenue road, Dhaka",01911-501012,2,5.0
RANGS eMART GULSHAN-2,23.7646548,90.4288993,"RANGS eMART GULSHAN-2, Baro Bhuiyan Tower, 3/A Rd 49, Dhaka 1212",01787-672154,60,4.6
Vision Emporium - Uttar Badda,23.7881521,90.4254722,"Cha-89, Vision Emporium - Uttar Badda, progoti saroni, North, 3 A Bir Uttam Rafiqul Islam Ave, Dhaka 1212",01844-608444,23,4.6
Monir Telecom & Pappu Computer Business Point,23.770151,90.3977401,"Monir Telecom & Pappu Computer Business Point, 278, East Nakhalpara, 1215 Sadeq Ali Rd, Dhaka 1215",01880-251199,3,5.0
Device Mama,23.772585,90.4089618,"House 69, Device Mama, Block D Road No. 8, Dhaka 1212",01757-555999,2,5.0
RANGS eMART GULSHAN-2,23.8024443,90.3746152,"RANGS eMART GULSHAN-2, Baro Bhuiyan Tower, 3/A Rd 49, Dhaka 1212",01787-672154,60,4.6
RANGS eMART GULSHAN-2,23.7932245,90.4043194,"RANGS eMART GULSHAN-2, Baro Bhuiyan Tower, 3/A Rd 49, Dhaka 1212",01787-672154,60,4.6
AnobaShop.com,23.7888342,90.4049597,"AnobaShop.com, House: 57/F, Road: 5, Banani, Dhaka 1206",01928-638011,39,4.9
Dolphin Computers Ltd - HP Partner,23.794222,90.3530202,"Dolphin Computers Ltd - HP Partner, Shop No 54, Ground Floor, Kamal Ataturk Avenue, Near Hotel Sheraton, Dhaka 1213",01819-461258,3,5.0
Dolphin Computers Ltd - HP Partner,23.506657,90.3443647,"Dolphin Computers Ltd - HP Partner, Shop No 54, Ground Floor, Kamal Ataturk Avenue, Near Hotel Sheraton, Dhaka 1213",01819-461258,3,5.0
Music Shop BD Gulshan - 1 Hour Express Delivery,23.7923819,90.4158318,"Music Shop BD Gulshan - 1 Hour Express Delivery, Gulshan Pink City Shopping Center, Gulshan Ave, Dhaka 1212",01745-999155,10,5.0
Mh Camera House,23.779224,90.4254511,"Shop-204, Mh Camera House, Bepari Tower, Dhaka 1212",01988-866612,7,4.4
Neptune Bazaar,23.7941821,90.4015341,"Neptune Bazaar, 79 Rd Number 4, Dhaka 1212",01701-225360,7,4.7
DCC Home Delivery,23.7797469,90.4161611,"DCC Home Delivery, Polt No-G.P.Ka-71/A, Dhaka 1212",01559-584584,3,5.0
Ashley Furniture Home Store (Gulshan),23.7894227,90.4160887,"Ashley Furniture Home Store (Gulshan), House -108 First Floor, Gulshan Ave, Dhaka 1212",01313-012571,104,4.4
Athena's Furniture & Home Décor,23.7821565,90.4160047,"Athena's Furniture & Home Décor, House # 77 Rd 24, Dhaka 1212",01972-843627,91,4.1
Fully Furnished Limited,23.8026582,90.4229304,"Fully Furnished Limited, Plot 54 Pragati Sarani, Dhaka 1212",01709-654188,81,4.4
Fully Furnished Limited,23.7494361,90.4033869,"Fully Furnished Limited, Plot 54 Pragati Sarani, Dhaka 1212",01709-654188,81,4.4
Farazy Furniture & Interior,23.7871776,90.4410675,"Farazy Furniture & Interior, East Padardia, Satarkul Rd, Dhaka 2941",01627-331904,49,5.0
Everest Home Furniture & Door Center,23.7870907,90.431796,"262, 146, Everest Home Furniture & Door Center, North Badda, Dadar Bazar, Satarkul Road, Badda, Dhaka 1212",01781-229977,5,4.2
Home pro,23.7972384,90.4069119,"Block # J, Home pro, Plot # 15 Rd No 27, Dhaka 1213",01811-225511,2,5.0
Home pro,23.7876621,90.4426086,"Block # J, Home pro, Plot # 15 Rd No 27, Dhaka 1213",01811-225511,2,5.0
LABIBA FURNITURE,23.7986672,90.4239034,"LABIBA FURNITURE, Natun Bazar Foot Over Bridge, Dhaka 1212",01877-990005,5,5.0
Sofa King Furniture,23.7829852,90.4307681,"Sofa King Furniture, House 3, Road 5 Bagan Bari, Dhaka",01712-388169,1,4.0
Zara Wood Furniture,23.7820944,90.4231953,"Zara Wood Furniture, Lane-03, House-09, Shadinota Sharoni road, Dhaka 1212",01304-040707,3,5.0
Soukhin Online Furniture,23.7891658,90.4386918,"QCRP+85R Soukhin Online Furniture, Satarkul Rd, Dhaka 1212",01304-040707,3,5.0
Metro Furniture,23.7820135,90.423122,"Metro Furniture, SHOWROOM ADDRESS : 53, Madani Avenue, 100 feet saeed Nagar, Auto Stand, Dhaka 1212",01304-040707,3,5.0
Metro Furniture,23.789767,90.4247434,"Metro Furniture, SHOWROOM ADDRESS : 53, Madani Avenue, 100 feet saeed Nagar, Auto Stand, Dhaka 1212",01304-040707,3,5.0
Metro Furniture,23.8001725,90.423285,"Metro Furniture, SHOWROOM ADDRESS : 53, Madani Avenue, 100 feet saeed Nagar, Auto Stand, Dhaka 1212",01304-040707,3,5.0
Prime king furniture,23.7883977,90.4322846,"Prime king furniture, Uttar badda satarkul road, 1212 Abdullahbag Rd, Dhaka 1212",01408-726732,13,3.7
Exclusive Home Tex (Showroom / Gulshan-2),23.7938615,90.4154339,"Exclusive Home Tex (Showroom / Gulshan-2), DCC, Gulshan DCC and Super Market, Dhaka 1212",01716-546887,24,4.1
Home Decoration And Tailoring,23.8070759,90.4163898,"Home Decoration And Tailoring, Ka-1/1, Road-13, North Baridhara, Kalachandpur, Gulshan-2, Dhaka 1212",01711-229495,1,5.0
Revolution Of Attire,23.7599549,90.4342782,"House 44, Revolution Of Attire, Rd 01, Dhaka 1216",01711-229495,1,5.0
Rain Fashion BD,23.7605107,90.4186854,"4th Floor, Rain Fashion BD, Rampura Super Market, 250 DIT Rd, Dhaka 1219",01786-432144,2,5.0
Weekend Trendz,23.7556134,90.4085287,"Weekend Trendz, Empire Hira Jheel, 503 Chairmangoli (Chairman Golli, Moghbazar, Dhaka 1217",01914-007791,1,5.0
Weekend Trendz,23.7571486,90.4417156,"Weekend Trendz, Empire Hira Jheel, 503 Chairmangoli (Chairman Golli, Moghbazar, Dhaka 1217",01914-007791,1,5.0
Key Clothing Official,23.7925413,90.4242427,"Key Clothing Official, Confidence Shopping Mall., Dhaka 1212",01613-932095,2,5.0
Exclusive Home Tex (Showroom / Gulshan-2),23.7462116,90.4110905,"Exclusive Home Tex (Showroom / Gulshan-2), DCC, Gulshan DCC and Super Market, Dhaka 1212",01716-546887,24,4.1
Exclusive Home Tex (Showroom / Gulshan-2),23.7565547,90.4118186,"Exclusive Home Tex (Showroom / Gulshan-2), DCC, Gulshan DCC and Super Market, Dhaka 1212",01716-546887,24,4.1
Coats & Collars,23.7963742,90.4060215,"Coats & Collars, House: 36 Road: 18, Dhaka 1213",01601-188401,1,5.0
Closet by Ayesha,23.7882748,90.4247046,"Closet by Ayesha, BTI Premier Plaza, Bir Uttam Rafiqul Islam Ave, Dhaka 1212",01648-899900,3,5.0
Style lover's bd,23.7626918,90.4302198,"Style lover's bd, No- 03, Block, House- 40, Road, E Rampura, Dhaka 1219",01781-739707,1,5.0
Arizalife,23.7893327,90.4041406,"Arizalife, House 35, Road 7, block G Banani Model Town, Dhaka Division, Dhaka 1213",01958-070013,4,4.8
R.S. International limited,23.7619985,90.4297376,"R.S. International limited, Dhaka",01762-438261,1,5.0
Tip Top Fashion House,23.7754225,90.4212818,"Pa-2/2, Tip Top Fashion House, South Badda, Gulshan, Dhaka 1212",01729-544570,11,4.5
Rayshaa,23.7599697,90.4183565,"Rayshaa, House: 12, Road: 3, Block: B, Dhaka 1219",01968-111199,52,5.0
Juthi Collection,23.7995016,90.4319057,"Juthi Collection, High School Road, Dhaka 1212",01930-346145,1,5.0
SCICCOSO,23.7902388,90.4103136,"SCICCOSO, House 76A, Road 11, Block M Banani, Dhaka 1213",01966-662616,50,4.3
HNG Showcase(H.N.Garments),23.7707057,90.4115305,"HNG Showcase(H.N.Garments), HNG Showcase, 204/A Bir Uttam Mir Shawkat Sarak, Dhaka 1208",01913-908187,30,4.3
MOMËNTS,23.7923565,90.4083754,"MOMËNTS, Armitage House 77, Road 12 Block E, Banani Unit A4 Dhaka, 1213",01790-951999,6,4.7
Ladies Shop BD,23.774443,90.4149586,"Ladies Shop BD, 4/A/1, Road #2, Gulshan 1, Dhaka, 1212",01711-872908,6,4.8
Saima Fashion,23.7907124,90.4059578,"House no, Saima Fashion, 70 Road No. 11, Dhaka 1212",02-8819462,41,3.9
Mr Xpert,23.7625105,90.436251,"Mr Xpert, House: 08 , Block: B, Banasree Main Rd, Dhaka 1219",01819-303050,11,5.0
CLICKSHEBA.XYZ,23.8018032,90.4311491,"CLICKSHEBA.XYZ, Dhaka 1229",01316-621056,8,4.8
SIEMENS HOME APPLIANCES SERVICE CENTER,23.7607384,90.4053549,"SIEMENS HOME APPLIANCES SERVICE CENTER, House 37/1, North Begunbari, Dhaka",01914-382265,8,4.6
SIEMENS HOME APPLIANCES SERVICE CENTER,23.7626662,90.4292617,"SIEMENS HOME APPLIANCES SERVICE CENTER, House 37/1, North Begunbari, Dhaka",01914-382265,8,4.6
Sheba.xyz,23.7788325,90.3935609,"House 454, Road No: 31, Sheba.xyz, Dhaka 1212",09678-016516,501,4.1
Subidha.app,23.7936571,90.4051149,"Subidha.app, Level 4, Awal Centre, Kamal Ataturk Ave, Dhaka 1213",09613-828204,5,4.2
AC Rent & Repair BD - Genalex Engineering and Technology.,23.7955745,90.4156405,"AC Rent & Repair BD - Genalex Engineering and Technology., Sabera Tower, Road no 52, Dhaka 1212",01830-207771,15,5.0
Rangs Electronics ltd Service Center,23.7572918,90.4114045,"Rangs Electronics ltd Service Center, 357/B Modhubag Road, Dhaka",01971-688466,5,4.6
"At Your Service (AYS) Ltd. Security Guard, Cleaning, FMS",23.7817362,90.4163841,"At Your Service (AYS) Ltd. Security Guard, Cleaning, FMS, UDAY Tower, Gulshan Ave, Dhaka 1212",01730-745530,15,5.0
Aegis Services Limited - Top Security Guard | Building Automation System | Housekeeping | Pest Control Company in Bangladesh,23.7987638,90.4034147,"Aegis Services Limited - Top Security Guard | Building Automation System | Housekeeping | Pest Control Company in Bangladesh, House#41, Road#27, Block#A, Banani, Opposite of Banani Graveyard, Dhaka 1213",01787-772244,10,5.0
Air Care,23.7796407,90.3929123,"Air Care, House-395, Level-4, Road 29, Dhaka, 1206",09617-225588,29,4.6
Friz Aire,23.7803284,90.4025567,"F- 102, Ga- 63, Friz Aire, School Road, Mohakhali, Dhaka 1212",01919-342266,2,5.0
DCS ORGANIZATION LTD.,23.7987171,90.4246777,"5th floor, DCS ORGANIZATION LTD., House 11, Road 01 Baridhara J Block, Dhaka 1212",01783-877630,29,4.0
Diamond shine cleaning service.,23.793175,90.4071831,"Diamond shine cleaning service., 49 Rd No 17, Dhaka 1213",01712-762893,56,4.8
Thanks Cleaning Services,23.8022899,90.4282302,"Thanks Cleaning Services, Dhaka 1212",01902-979412,106,4.6
All Cleaning & pest control,23.7919562,90.4062245,"All Cleaning & pest control, Dhaka Banani, 1213",01934-464051,46,4.6
All Cleaning & pest control,23.7686214,90.4038206,"All Cleaning & pest control, Dhaka Banani, 1213",01934-464051,46,4.6
Dhaka Cleaner,23.7938656,90.403838,"Dhaka Cleaner, 17 Kemal Ataturk Ave, Dhaka 1213",01886-611550,39,4.1
Clean and service,23.7810726,90.4216917,"Ground Floor, 4, Clean and service, 1-Ja Gulshan Badda Link Rd, Dhaka 1212",01711-663506,116,4.9
Clean and service,23.7558998,90.3909781,"Ground Floor, 4, Clean and service, 1-Ja Gulshan Badda Link Rd, Dhaka 1212",01711-663506,116,4.9
Diamond shine cleaning service.,23.7931582,90.4036516,"Diamond shine cleaning service., 49 Rd No 17, Dhaka 1213",01712-762893,56,4.8
NASAH Professional Cleaning,23.8018276,90.4234433,"House 4, NASAH Professional Cleaning, 6 Rd Number 9, Dhaka 1212",01894-988488,17,5.0
Thanks Cleaning Services,23.7935511,90.4234998,"Thanks Cleaning Services, Dhaka 1212",01902-979412,106,4.6
Pest Control Dhaka & Safe Cleaning Service BD,23.7834271,90.426105,"Pest Control Dhaka & Safe Cleaning Service BD, Hossain Market, House-17,2nd floor, cha#74, Dhaka 1212",01911-204891,26,5.0
Quick Knock Pest Control,23.7901837,90.4037532,"Quick Knock Pest Control, 57 Rd 04, Dhaka 1212",01714-103777,2,5.0
Sofa cleaning BD,23.7936784,90.4053664,"Sofa cleaning BD, Dhaka 1213",01629-791161,10,5.0
Healthy Tank BD,23.76217,90.4273449,"Healthy Tank BD, Road-07 House-38, Block-B, Dhaka 1219",01847-102551,71,4.5
Kitchen Hood Service XYZ,23.7756275,90.4267123,"Kitchen Hood Service XYZ, House-22, Road-4 DIT Project, Dhaka 1212",01742-514289,5,4.4
DCS ORGANIZATION LTD.,23.7987171,90.4246777,"5th floor, DCS ORGANIZATION LTD., House 11, Road 01 Baridhara J Block, Dhaka 1212",01783-877630,29,4.0
"At Your Service (AYS) Ltd. Security Guard, Cleaning, FMS",23.7817362,90.4163841,"At Your Service (AYS) Ltd. Security Guard, Cleaning, FMS, UDAY Tower, Gulshan Ave, Dhaka 1212",01730-745530,15,5.0
Home Cleaning Expert BD,23.7899097,90.4113582,"House 232, Home Cleaning Expert BD, Road No. 5, Dhaka 1213",01785-663131,4,5.0
BD CLEAN SERVICE,23.7813081,90.4163114,"BD CLEAN SERVICE, Gha-59,Shahjadpur, Dhaka 1212",01930-447737,3,5.0
Home Delivery BD.com,23.7630599,90.4298996,"Home Delivery BD.com, 485, Dhaka",01311-903450,1,5.0
Jogaan,23.7899855,90.4036334,"Jogaan, Road 08, Block F, Dhaka 1213",09614-777888,26,4.4
kDhaka.com,23.7797727,90.4160701,"Shop-5, kDhaka.com, Abir General Store, DNCC Bazar, Dhaka 1212",01811-124659,22,4.9
Sopno Online Shop,23.7849214,90.3978464,"Sopno Online Shop, Dhaka 1212",01841-231555,1,5.0
NiBO online shop,23.7921129,90.427635,"QCRH+R3R NiBO online shop, Khilbarir Tek Rd, Dhaka 1212",01715-181463,2,5.0
Home Delivery BD.com,23.7630599,90.4298996,"Home Delivery BD.com, 485, Dhaka",01311-903450,1,5.0
Dhaka,23.7808405,90.419689,Dhaka,01311-903450,300,3.4
Dhaka,23.7509974,90.3930924,Dhaka,01311-903450,300,3.4
HOME DELIVERY DAILY,23.7602923,90.4217787,"HOME DELIVERY DAILY, Ka-22/3 Sohag Plaza, School Road, Dhaka 1212",01312-712616,1,5.0
HOME DELIVERY DAILY,23.8069644,90.4276166,"HOME DELIVERY DAILY, Ka-22/3 Sohag Plaza, School Road, Dhaka 1212",01312-712616,1,5.0
GOFOOD Head Office Bangladesh,23.788272,90.4007712,"GOFOOD Head Office Bangladesh, Road # 04, House 116, Block - F, Level 2, Banani Bridge, Dhaka 1213",01619-817945,5,4.2
GOFOOD Head Office Bangladesh,23.7940109,90.3830452,"GOFOOD Head Office Bangladesh, Road # 04, House 116, Block - F, Level 2, Banani Bridge, Dhaka 1213",01619-817945,5,4.2
GOFOOD Head Office Bangladesh,23.7488794,90.4034151,"GOFOOD Head Office Bangladesh, Road # 04, House 116, Block - F, Level 2, Banani Bridge, Dhaka 1213",01619-817945,5,4.2
Jogaan,23.7899855,90.4036334,"Jogaan, Road 08, Block F, Dhaka 1213",09614-777888,26,4.4
Jogaan,23.7443541,90.3635354,"Jogaan, Road 08, Block F, Dhaka 1213",09614-777888,26,4.4
Jogaan,23.8006273,90.361572,"Jogaan, Road 08, Block F, Dhaka 1213",09614-777888,26,4.4
Sonar Courier Service Ltd.,23.7815425,90.4000746,"1st. Floor, Sonar Courier Service Ltd., 2 Bir Uttam AK Khandakar Road, Dhaka 1212",01711-521460,71,3.9
Stygen Online Gift Shop,23.773213,90.4120106,"Level-2, Stygen Online Gift Shop, House: 65, Road: 03, Block: B, Dhaka 1213",01971-971520,157,4.6
Tiffinbox,23.7918771,90.4031899,"QCR3+Q74 Tiffinbox, Rd No 13A, Dhaka 1212",01708-132132,39,3.8
SR SHOP Online BD,23.7838156,90.4227316,"QCMF+G3H SR SHOP Online BD, Dhaka 1212",09611-760760,1,5.0
Daraz.com.bd,23.7795442,90.4164619,"Daraz.com.bd, Daraz Bangladesh Limited HQ Asfia Tower Level 11 House: 76, Block: E, Rd 11, Dhaka 1213",09610-096111,187,3.4
Pizza Hut Banani,23.7913006,90.4017486,"House no 50, Pizza Hut Banani, Police Station, Ground floor, Block C Road No. 11, Dhaka 1213",09613-999777,Moderately expensive,
Unimart Gulshan 2,23.7960944,90.4149315,"House No. 23, Unimart Gulshan 2, Gulshan Centre Point, 26 Rd 90, Dhaka 1212",01955-550000,11038,4.5
Pizza Hut Gulshan 1,23.7763347,90.4167458,"Pizza Hut Gulshan 1, Road #140 SEF -1 Bir Uttam Mir Shawkat Ali Sarak New Road Rangs RD Square, Dhaka 1212",09613-888111,Moderately expensive,
Pizza Hut Gulshan 1,23.506657,90.3443647,"Pizza Hut Gulshan 1, Road #140 SEF -1 Bir Uttam Mir Shawkat Ali Sarak New Road Rangs RD Square, Dhaka 1212",09613-888111,Moderately expensive,
Pizza Hut Gulshan 1,23.741938,90.4083918,"Pizza Hut Gulshan 1, Road #140 SEF -1 Bir Uttam Mir Shawkat Ali Sarak New Road Rangs RD Square, Dhaka 1212",09613-888111,Moderately expensive,
BFC,23.7808405,90.419689,"BFC, House 7, Block C, 1st Floor, 14 Banasree Main Road, Dhaka 1219",01755-909265,Moderately expensive,
Star Kabab & Restaurant,23.7932198,90.4028846,"Star Kabab & Restaurant, House-15 Rd no. 17, Block- C, Dhaka 1213",01795-201347,Moderately expensive,
Star Kabab & Restaurant,23.7886938,90.4161263,"Star Kabab & Restaurant, House-15 Rd no. 17, Block- C, Dhaka 1213",01795-201347,Moderately expensive,
Star Kabab & Restaurant,23.7952144,90.4146463,"Star Kabab & Restaurant, House-15 Rd no. 17, Block- C, Dhaka 1213",01795-201347,Moderately expensive,
Miniso Banani,24.0810278,90.3771876,"Ground Floor), Block G, Miniso Banani, South Breeze Center, House 5, Road No. 11, Dhaka 1213",02-58153722,1792,4.3
Miniso Banani,23.7419929,90.4099252,"Ground Floor), Block G, Miniso Banani, South Breeze Center, House 5, Road No. 11, Dhaka 1213",02-58153722,1792,4.3
Miniso Banani,23.7523309,90.3754868,"Ground Floor), Block G, Miniso Banani, South Breeze Center, House 5, Road No. 11, Dhaka 1213",02-58153722,1792,4.3
KHAZANA,23.7887098,90.4178564,"KHAZANA, Plot#41 Rd 113, Dhaka 1212",01711-476379,647,4.3
DCC Home Delivery,23.7797469,90.4161611,"DCC Home Delivery, Polt No-G.P.Ka-71/A, Dhaka 1212",01559-584584,3,5.0
DCC Home Delivery,23.7937867,90.4037827,"DCC Home Delivery, Polt No-G.P.Ka-71/A, Dhaka 1212",01559-584584,3,5.0
eCobiz-Best Multi Vendor eCommerce Market Place In Bangladesh,23.7728922,90.40783,"Block-G, eCobiz-Best Multi Vendor eCommerce Market Place In Bangladesh, House-53, Niketon Road No. 8, Dhaka 1212",01885-532382,3,5.0
BMS Express Branded Online Shop In Bangladesh,23.7729557,90.4137026,"BMS Express Branded Online Shop In Bangladesh, c, House # 28 (3rd, Rd 07, Dhaka 1212",01627-355382,2,5.0
Tonnir,23.7615789,90.4359223,"Tonnir, House 43, Road 03, Block E, Dhaka 1219",01703-548685,1,5.0
Babywala Bangladesh Ltd.,23.780889,90.4047323,"Babywala Bangladesh Ltd., Medona Tower, 28, Mohakhali C/A Dhaka, 1212",01842-402402,1,4.0
ResCard Reliable Healthcare Services,23.7848239,90.3979456,"5th Floor, ResCard Reliable Healthcare Services, House # 194 Lane No 1, Dhaka 1212",01829-992008,2,5.0
HEALTHx BD,23.774515,90.4149751,"Level 5, House 26, HEALTHx BD, Road 2 Block L, Dhaka 1212",01571-016461,7,4.9
CareLit Limited Homecare,23.7846544,90.4188182,"CareLit Limited Homecare, House 15 Rd 124, Dhaka 1212",01985-222237,1,5.0
Nursing Health Care BD,23.764969,90.4155614,"Nursing Health Care BD, Mahanagar Project, House 42 Rd 1, Dhaka 1219",01728-039681,1,5.0
MedEasy HQ,23.7586805,90.4289018,"Level: 3, Road: 14, Block: C 180/6, MedEasy HQ, Abdullah Park, 23/C Banasree Main Rd, Dhaka 1219",01844-671112,30,5.0
plexusd,23.8019655,90.4233786,"plexusd, Dhaka 1229",01313-096661,15,4.6
AmarLab,23.7917868,90.4210422,"2 Level 3, AmarLab, House 15 Rd 105, Dhaka 1212",01879-443333,9,4.1
Health Bondhu Limited,23.779914,90.4260563,"Health Bondhu Limited, Nurjahan Villa, Suite # A6, House # Sha-22, Gulshan Badda Link Rd, Dhaka 1212",01301-239163,24,5.0
MR Peace Home Care Ltd,23.8731457,90.3988214,"MR Peace Home Care Ltd, GULSHAN-2, NOTUN BAZAR, VATARA Dhaka, 1212",01754-839059,30,5.0
Familydoctors bd,23.7945219,90.4250337,"Familydoctors bd, Japan School Road, Baridhara J Block Rd, Dhaka 1212",01756-221122,3,5.0
Praava Health,23.7933545,90.4023838,"Praava Health, Plot 9 Rd No 17, Dhaka 1212",09666-710648,1089,4.4
Imran Home Care Pvt. Ltd.,23.798585,90.4287795,"Imran Home Care Pvt. Ltd., House#2, Road- Near Social Islami Bank, Natun Bazar, Vatara, Dhaka 1212",01719-661366,22,4.8
Ceragem Bangladesh Ltd.,23.7918426,90.4119672,"Flat-8A, Plot-30 CWN(A, Ceragem Bangladesh Ltd., Mobarak Saleha Heights, 43 Rd 42, Dhaka 1212",01784-466489,9,4.8
Islamic Life Academy - Online Learning Platform,23.7669893,90.4293287,"House 4, Floor, Islamic Life Academy - Online Learning Platform, 2 Rd 3, Dhaka 1212",01401-444888,19,4.8
Home Patient Care BD,23.7919393,90.4152553,"Home Patient Care BD, 121d Gulshan Ave, Dhaka 1212",01568-400418,2,3.0
Sheba Nursing Home Care,23.7984091,90.353066,"Sheba Nursing Home Care, Road No-1, House No-4, Gulshan, New Bazar, Bhatara, 3 ft Road adjacent Dhaka, 1212",01727-264178,1,4.0
Sheba Nursing Home Care,23.779809,90.4237445,"Sheba Nursing Home Care, Road No-1, House No-4, Gulshan, New Bazar, Bhatara, 3 ft Road adjacent Dhaka, 1212",01727-264178,1,4.0
My Doctors Limited,23.7750735,90.4132459,"My Doctors Limited, BRAC Kumon Limited (Head Office), Niketon Bridge, Road No. 1, Dhaka 1212",01929-331133,1,5.0
Geriatric centre (Home Visit service ) by Dr Mahbub Shahriar and Dr Altaf Hossain,23.7629852,90.4274331,"22, Geriatric centre (Home Visit service ) by Dr Mahbub Shahriar and Dr Altaf Hossain, 28 Rd Number 5, Dhaka 1219",01675-120008,2,5.0
Familydoctors bd,23.7945219,90.4250337,"Familydoctors bd, Japan School Road, Baridhara J Block Rd, Dhaka 1212",01756-221122,3,5.0
Familydoctors bd,23.7972242,90.4361113,"Familydoctors bd, Japan School Road, Baridhara J Block Rd, Dhaka 1212",01756-221122,3,5.0
Cancer Home,23.780395,90.408091,"Cancer Home, 53 Mohakhali, oposite TB gate water tank., Dhaka 1212",02-9861111,3,3.7
Nursing Health Care BD,23.764969,90.4155614,"Nursing Health Care BD, Mahanagar Project, House 42 Rd 1, Dhaka 1219",01728-039681,1,5.0
Praava Health,23.7933545,90.4023838,"Praava Health, Plot 9 Rd No 17, Dhaka 1212",09666-710648,1089,4.4
Medical Directory Bangladesh | Doctors Directory Bangladesh |,23.788687,90.416153,"Medical Directory Bangladesh | Doctors Directory Bangladesh |, RM Center, (2nd Flooar),, 101 Gulshan Ave, Dhaka 1212, Bangladesh, Dhaka 1212",01611-336825,21,4.4
Medical Directory Bangladesh | Doctors Directory Bangladesh |,23.8046991,90.35618,"Medical Directory Bangladesh | Doctors Directory Bangladesh |, RM Center, (2nd Flooar),, 101 Gulshan Ave, Dhaka 1212, Bangladesh, Dhaka 1212",01611-336825,21,4.4
Family Pharma & Doctor's Chamber,23.7922526,90.4307107,"Family Pharma & Doctor's Chamber, 1105, Purbo Kilbarirtek, Dhaka 1212",01915-384443,1,5.0
Ruma's Kitchen Home Made,23.8036582,90.4298629,"Ruma's Kitchen Home Made, House No-3, Muktijodhdha Siraj Road, Sarkar Bari, Dhaka 1212",01708-415717,4,4.8
Ruma's Kitchen Home Made,23.7778654,90.4162872,"Ruma's Kitchen Home Made, House No-3, Muktijodhdha Siraj Road, Sarkar Bari, Dhaka 1212",01708-415717,4,4.8
KNACK,23.7804304,90.4022018,"KNACK, Dhaka 1212",01303-960229,15,4.2
Nopur Home Kitchen,23.7948444,90.4264436,"Nopur Home Kitchen, End of Sundorbon currier service, House 32, 3rd floor, Somotasarok, Nurerchala, Road, Vatara 1212",01595-532060,5,5.0
Cheez Banani,23.7927561,90.4081902,"2nd Floor, Cheez Banani, House 37 Rd 12, Dhaka 1213",01316-195220,Moderately expensive,
Chhip Food Bd,23.7923046,90.4222524,"Chhip Food Bd, 06 Rd No 31, Dhaka 1205",01321-180272,1,1.0
Lunar Cloud BD,23.8002546,90.4245826,"Plot-56, Floor, Lunar Cloud BD, 6 Baridhara J Block, Dhaka 1212",01759-432003,1,5.0
BeautyBuyBD Badda,23.788237,90.4248636,"BeautyBuyBD Badda, BTI Premier Plaza, Bir Uttam Rafiqul Islam Ave, Dhaka 1212",01581-762126,9,5.0
A to z zone,23.7834271,90.426105,"A to z zone, Hossain Market, Dhaka 1212",01977-269164,12,5.0
Girlco,23.7889456,90.413933,"Girlco, Road no. 35, Dhaka 1212",01409-993140,18,4.9
Stylish-UP your Style,23.7738688,90.4121315,"Stylish-UP your Style, 2 Road No. 2, Dhaka 1205",01712-892979,1,5.0
beautybdshop.com,23.7920508,90.4049243,"Block # D, (1st, beautybdshop.com, House #49 Road No. 13, Dhaka 1213",01712-027525,1,5.0
beautybdshop.com,23.7482509,90.3989602,"Block # D, (1st, beautybdshop.com, House #49 Road No. 13, Dhaka 1213",01712-027525,1,5.0
Beautyliven.com,23.7618196,90.43309,"Beautyliven.com, Road#3 House#38, Block#D 3rd floor, Dhaka 1219",01777-235235,7,4.0
Goodies deal Banani 11,23.7902049,90.4103019,"House 76/A, Goodies deal Banani 11, Rd No. 11, Dhaka 1213",01886-935971,3,2.3
Lavishta,23.7728458,90.4113065,"1 APT 4B, Lavishta, House 37, Block D Rd 6, Dhaka 1212",01601-234012,11,5.0
World Brand BD Ltd.,23.7751459,90.4253375,"World Brand BD Ltd., Kha-200/C, Jaira Complex, Hazi Solim Uddin Lane,Middle Badda, Beside Canadian International University, Dhaka 1212",01974-963939,1,5.0
Peony Organics,23.7645809,90.4214716,"Peony Organics, 375 DIT Rd, Dhaka 1212",01959-595700,2,5.0
BDFairs,23.7632471,90.4310372,"BDFairs, House #3, Road #20, Dhaka 1212",01708-408857,22,4.4
Manidise,23.7805662,90.4109388,"8th Floor, Manidise, Gulshan Bhaban, Plot 355 Bir Uttam AK Khandakar Rd, Dhaka 1212",01841-114884,1,5.0
Redhul,23.7639549,90.425396,"A Block, house, Redhul, 01, 5/1 Road No. 2, Dhaka 1219",01518-459595,1,5.0
Provati Enterprise,23.7801445,90.4150258,"Shop-62, Provati Enterprise, D.N.C.C Market, Gulshan Circle-1, Dhaka 1212",01924-555227,3,5.0
Beauty Face Japan,23.7828677,90.3979686,"3rd Floor, Beauty Face Japan, Faisal Tower, 27 North C/A, Dhaka 1212",01324-432818,9,4.2
Rushi's Collection,23.7809166,90.4168005,"Rushi's Collection, 50/1 Gulshan Ave, Dhaka 1212",01911-119709,4,4.3
pblmart.com,23.7942671,90.4133525,"13, pblmart.com, A/2 Kemal Ataturk Ave, Dhaka 1212",01313-467200,1,5.0
Stylehaat.com,23.7613306,90.4360385,"Stylehaat.com, Road#3 House#38, Block#D 3rd floor, Dhaka 1219",09638-200400,27,4.1
Adil Cosmetics,23.7813545,90.4215467,"Adil Cosmetics, 11 Rd No 6, Dhaka 1212",01726-682262,2,4.5
Cosmetics Food bd,23.7799565,90.4160339,"Cosmetics Food bd, Dhaka Gulshan 1 Shopping Centre Complex 1st Floor 88 no shop Dhaka, 1212",01841-114844,1,5.0
Sugar Cosmetics Bangladesh,23.7838891,90.4159079,"House no.25, Sugar Cosmetics Bangladesh, Rd 24, Dhaka 1212",01718-029159,1,5.0
Sugar Cosmetics Bangladesh,23.7899604,90.4135279,"House no.25, Sugar Cosmetics Bangladesh, Rd 24, Dhaka 1212",01718-029159,1,5.0
The Beauty Mall,23.7908689,90.4060067,"Ground floor, House No- 68, The Beauty Mall, Block - D Rd 10, Dhaka 1212",01309-000470,89,4.9
The Beauty Mall,23.7882224,90.4241908,"Ground floor, House No- 68, The Beauty Mall, Block - D Rd 10, Dhaka 1212",01309-000470,89,4.9
Baby motif,23.7582288,90.4414506,"Baby motif, 2no, Dhaka 1212",01872-650843,4,3.5
Best Top Beauty,23.7828293,90.4255908,"Best Top Beauty, 225 Bir Uttam Rafiqul Islam Ave, Dhaka 1212",01784-351325,5,5.0
A1 Traders,23.7789646,90.3964261,"A1 Traders, A1 Traders, SKS Tower shop No-50 (Ground Floor)7 VIP Road, Dhaka",01745-026623,1,5.0
A1 Traders,23.7581028,90.441143,"A1 Traders, A1 Traders, SKS Tower shop No-50 (Ground Floor)7 VIP Road, Dhaka",01745-026623,1,5.0
Nazifa Cosmetics and watch,23.7606215,90.4317609,"Nazifa Cosmetics and watch, shop 38/39, Block#D, Dhaka, 1205",01679-681729,2,4.5
Police Plaza Concord Shopping Mall,23.7731167,90.4205744,"Police Plaza Concord Shopping Mall, Dhaka 1212",01934-555111,11221,4.2
Extraglam Cosmetics,23.7882684,90.4248711,"Extraglam Cosmetics, Premier Shopping Mall, Shop no: 18/C, Ground Floor, Dhaka",01973-355735,6,5.0
Aaj Kinbo,23.7831875,90.4262444,"Cha-56, Aaj Kinbo, Dhaka 1212",01908-898994,2,5.0
Rainbow Perfume & Cosmetics,23.7923472,90.4158634,"Rainbow Perfume & Cosmetics, Plot no 15, Pink City Shopping Complex, Gulshan Avenue, Gulshan- 2, Dhaka 1212",02-8881568,2,2.0
TBH - Tisha's Beauty Hub,23.8139199,90.4234353,"Lift 7, TBH - Tisha's Beauty Hub, House 118, Road 11, Block E, Dhaka 1212",01686-902284,24,4.3
London Cosmetics BD,23.7625617,90.4306291,"Silicon West Wood, Road No. 3, Dhaka",01842-565575,24,4.0
Rm Cosmetics & variety store,23.7358582,90.3860161,"Rm Cosmetics & variety store, Dhaka 1212",01842-565575,24,4.0
Thailand Unlimited By Jennifer,23.7923819,90.4158318,"Thailand Unlimited By Jennifer, Gulshan Pink City Shopping Center, Gulshan Ave, Dhaka 1212",01863-712373,6,5.0
Thailand Unlimited By Jennifer,23.7510185,90.391773,"Thailand Unlimited By Jennifer, Gulshan Pink City Shopping Center, Gulshan Ave, Dhaka 1212",01863-712373,6,5.0
Thailand Unlimited By Jennifer,23.7514008,90.3907187,"Thailand Unlimited By Jennifer, Gulshan Pink City Shopping Center, Gulshan Ave, Dhaka 1212",01863-712373,6,5.0
Thailand Unlimited By Jennifer,23.79116,90.4027647,"Thailand Unlimited By Jennifer, Gulshan Pink City Shopping Center, Gulshan Ave, Dhaka 1212",01863-712373,6,5.0
Thailand Unlimited By Jennifer,23.7729016,90.4159807,"Thailand Unlimited By Jennifer, Gulshan Pink City Shopping Center, Gulshan Ave, Dhaka 1212",01863-712373,6,5.0
Raisa International Symphony Showroom,23.7313278,90.4166205,"Block-D, Raisa International Symphony Showroom, House-1 Rd No:- 7, Dhaka 1219",01911-311333,30,3.2
Raisa International Symphony Showroom,23.7313278,90.4166205,"Block-D, Raisa International Symphony Showroom, House-1 Rd No:- 7, Dhaka 1219",01911-311333,30,3.2
Madani Traders,23.7804482,90.4145656,"QCJ7+5RG Madani Traders, DNCC Market, Gulshan-1, Dhaka 1212",01922-656222,61,4.8
